"","file_name","url","size","content_type","logical_file_type","modified_time","checksum"
"1","MonthlyWaterUseData.csv","http://www.hydroshare.org/resource/16c2d60eb6c34d6b95e5d4dbbb4653ef/data/contents/MonthlyWaterUseData.csv",18713916,"text/csv","NoneType","2021-10-15T17:05:52","dfabec6fd89b79750c2cdba0d89ed0a2"
"2","readme.md","http://www.hydroshare.org/resource/16c2d60eb6c34d6b95e5d4dbbb4653ef/data/contents/readme.md",548,"None","NoneType","2021-10-27T20:23:03","6a2c24b605d6562efc3a2fa07e6f43bf"
"3","site003qc_data.csv","http://www.hydroshare.org/resource/0b72cddfc51c45b188e0e6cd8927227e/data/contents/3_QC_Data/site003qc_data.csv",74873406,"text/csv","NoneType","2021-02-19T16:51:40","11682e5c222ded3fdfe08a009d18c098"
"4","site002qc_data.csv","http://www.hydroshare.org/resource/0b72cddfc51c45b188e0e6cd8927227e/data/contents/3_QC_Data/site002qc_data.csv",71780546,"text/csv","NoneType","2021-02-19T16:51:36","ed2c8ed26dd593448f1e7e7514ede161"
"5","site004qc_data.csv","http://www.hydroshare.org/resource/0b72cddfc51c45b188e0e6cd8927227e/data/contents/3_QC_Data/site004qc_data.csv",31011746,"text/csv","NoneType","2021-02-19T16:51:44","8a5f7a9e22c1e841fd4268d33e35eae0"
"6","site005qc_data.csv","http://www.hydroshare.org/resource/0b72cddfc51c45b188e0e6cd8927227e/data/contents/3_QC_Data/site005qc_data.csv",54738771,"text/csv","NoneType","2021-02-19T16:51:48","b8e1f7f98f7fa0d3cd84348462608695"
"7","site006qc_data.csv","http://www.hydroshare.org/resource/0b72cddfc51c45b188e0e6cd8927227e/data/contents/3_QC_Data/site006qc_data.csv",20714201,"text/csv","NoneType","2021-02-19T16:51:51","0ba7f6d007553784a934c0a33242bd0c"
"8","site007qc_data.csv","http://www.hydroshare.org/resource/0b72cddfc51c45b188e0e6cd8927227e/data/contents/3_QC_Data/site007qc_data.csv",55948077,"text/csv","NoneType","2021-02-19T16:51:55","a1f8cf8fd88e0ef656faa3ac729125e8"
"9","site008qc_data.csv","http://www.hydroshare.org/resource/0b72cddfc51c45b188e0e6cd8927227e/data/contents/3_QC_Data/site008qc_data.csv",21364559,"text/csv","NoneType","2021-02-19T16:51:58","209b0eafa935ecd809ad18d8a5caa77d"
"10","site009qc_data.csv","http://www.hydroshare.org/resource/0b72cddfc51c45b188e0e6cd8927227e/data/contents/3_QC_Data/site009qc_data.csv",30831603,"text/csv","NoneType","2021-02-19T16:52:02","05c74976563b59979b502f7a650e7471"
"11","site010qc_data.csv","http://www.hydroshare.org/resource/0b72cddfc51c45b188e0e6cd8927227e/data/contents/3_QC_Data/site010qc_data.csv",20490744,"text/csv","NoneType","2021-02-19T16:52:06","da11ce40151f2ed850f504128dc84f31"
"12","site015qc_data.csv","http://www.hydroshare.org/resource/0b72cddfc51c45b188e0e6cd8927227e/data/contents/3_QC_Data/site015qc_data.csv",29825792,"text/csv","NoneType","2021-02-19T16:52:58","5bab16a7356782e636278ea0611c3e89"
"13","site012qc_data.csv","http://www.hydroshare.org/resource/0b72cddfc51c45b188e0e6cd8927227e/data/contents/3_QC_Data/site012qc_data.csv",32814895,"text/csv","NoneType","2021-02-19T16:52:48","e7b28a6762bd5eee4057e9391703171a"
"14","site013qc_data.csv","http://www.hydroshare.org/resource/0b72cddfc51c45b188e0e6cd8927227e/data/contents/3_QC_Data/site013qc_data.csv",25822935,"text/csv","NoneType","2021-02-19T16:52:51","b1466f2d320e97116ee39551535b3e1d"
"15","site014qc_data.csv","http://www.hydroshare.org/resource/0b72cddfc51c45b188e0e6cd8927227e/data/contents/3_QC_Data/site014qc_data.csv",34819577,"text/csv","NoneType","2021-02-19T16:52:55","eac04252f7ad9e34ca21a01b79f222ca"
"16","site016qc_data.csv","http://www.hydroshare.org/resource/0b72cddfc51c45b188e0e6cd8927227e/data/contents/3_QC_Data/site016qc_data.csv",24811882,"text/csv","NoneType","2021-02-19T16:53:02","010ba52793e089f05771c4d807314609"
"17","site017qc_data.csv","http://www.hydroshare.org/resource/0b72cddfc51c45b188e0e6cd8927227e/data/contents/3_QC_Data/site017qc_data.csv",28390399,"text/csv","NoneType","2021-02-19T16:53:06","0cb605398d7d2c59c19cce7e1429061f"
"18","site018qc_data.csv","http://www.hydroshare.org/resource/0b72cddfc51c45b188e0e6cd8927227e/data/contents/3_QC_Data/site018qc_data.csv",29051690,"text/csv","NoneType","2021-02-19T16:53:09","6242fdadd6c5c39cb25e7c819887c419"
"19","site019qc_data.csv","http://www.hydroshare.org/resource/0b72cddfc51c45b188e0e6cd8927227e/data/contents/3_QC_Data/site019qc_data.csv",76908557,"text/csv","NoneType","2021-02-19T16:53:13","3fd9c949b94a2db7477cd3a65b04eea3"
"20","site020qc_data.csv","http://www.hydroshare.org/resource/0b72cddfc51c45b188e0e6cd8927227e/data/contents/3_QC_Data/site020qc_data.csv",17211693,"text/csv","NoneType","2021-02-19T16:53:17","7328657693d66c18978bb8f976576daa"
"21","site021qc_data.csv","http://www.hydroshare.org/resource/0b72cddfc51c45b188e0e6cd8927227e/data/contents/3_QC_Data/site021qc_data.csv",22462876,"text/csv","NoneType","2021-02-19T16:53:20","4aa2450370b70721ecbbc65f0c3e73fa"
"22","site023qc_data.csv","http://www.hydroshare.org/resource/0b72cddfc51c45b188e0e6cd8927227e/data/contents/3_QC_Data/site023qc_data.csv",18949515,"text/csv","NoneType","2021-02-19T16:53:50","fb24dd731617e9f490d8616ac836cd8a"
"23","site022qc_data.csv","http://www.hydroshare.org/resource/0b72cddfc51c45b188e0e6cd8927227e/data/contents/3_QC_Data/site022qc_data.csv",26611856,"text/csv","NoneType","2021-02-19T16:53:47","4fbda9b865d4450398966d66882af304"
"24","site024qc_data.csv","http://www.hydroshare.org/resource/0b72cddfc51c45b188e0e6cd8927227e/data/contents/3_QC_Data/site024qc_data.csv",27037696,"text/csv","NoneType","2021-02-19T16:53:54","1143fd9456db65b52a8bf09e76974f50"
"25","site025qc_data.csv","http://www.hydroshare.org/resource/0b72cddfc51c45b188e0e6cd8927227e/data/contents/3_QC_Data/site025qc_data.csv",24750005,"text/csv","NoneType","2021-02-19T16:53:57","5777d7c069085d89fb4b887342bfe90c"
"26","site026qc_data.csv","http://www.hydroshare.org/resource/0b72cddfc51c45b188e0e6cd8927227e/data/contents/3_QC_Data/site026qc_data.csv",22436004,"text/csv","NoneType","2021-02-19T16:54:01","067bec7d742c5172dd75c2b2af72fe38"
"27","site027qc_data.csv","http://www.hydroshare.org/resource/0b72cddfc51c45b188e0e6cd8927227e/data/contents/3_QC_Data/site027qc_data.csv",22203369,"text/csv","NoneType","2021-02-19T16:54:04","26125f3157913194b4465f39b68a459c"
"28","site028qc_data.csv","http://www.hydroshare.org/resource/0b72cddfc51c45b188e0e6cd8927227e/data/contents/3_QC_Data/site028qc_data.csv",16109167,"text/csv","NoneType","2021-02-19T16:54:08","857b92da073b79e01a492abbb3c96708"
"29","site029qc_data.csv","http://www.hydroshare.org/resource/0b72cddfc51c45b188e0e6cd8927227e/data/contents/3_QC_Data/site029qc_data.csv",16005616,"text/csv","NoneType","2021-02-19T16:54:11","45bc6f79b046015c67328a4bec990699"
"30","site030qc_data.csv","http://www.hydroshare.org/resource/0b72cddfc51c45b188e0e6cd8927227e/data/contents/3_QC_Data/site030qc_data.csv",16475313,"text/csv","NoneType","2021-02-19T16:54:15","cde74b3f9aea2b1a57f6f9104fe7a7ca"
"31","site031qc_data.csv","http://www.hydroshare.org/resource/0b72cddfc51c45b188e0e6cd8927227e/data/contents/3_QC_Data/site031qc_data.csv",15310324,"text/csv","NoneType","2021-02-19T16:54:18","a548e14821dc446f061504fb3867c36d"
"32","site006qc_log.csv","http://www.hydroshare.org/resource/0b72cddfc51c45b188e0e6cd8927227e/data/contents/2_LogFiles/site006qc_log.csv",1219,"text/csv","NoneType","2021-02-19T19:16:52","2c1b2d2ad78e8603398561d3a300a892"
"33","site002qc_log.csv","http://www.hydroshare.org/resource/0b72cddfc51c45b188e0e6cd8927227e/data/contents/2_LogFiles/site002qc_log.csv",4583,"text/csv","NoneType","2021-02-19T19:16:40","a321e28b3df4ac87ad4566612fb6a084"
"34","site003qc_log.csv","http://www.hydroshare.org/resource/0b72cddfc51c45b188e0e6cd8927227e/data/contents/2_LogFiles/site003qc_log.csv",4411,"text/csv","NoneType","2021-02-19T19:16:43","6b7e8ed8f104982782bbc1a28dc00c59"
"35","site004qc_log.csv","http://www.hydroshare.org/resource/0b72cddfc51c45b188e0e6cd8927227e/data/contents/2_LogFiles/site004qc_log.csv",2673,"text/csv","NoneType","2021-02-19T19:16:46","52faeaf9a03a33e9caefd199b6e16094"
"36","site005qc_log.csv","http://www.hydroshare.org/resource/0b72cddfc51c45b188e0e6cd8927227e/data/contents/2_LogFiles/site005qc_log.csv",2355,"text/csv","NoneType","2021-02-19T19:16:49","6373b942a2faa928f9d841bed5062043"
"37","site007qc_log.csv","http://www.hydroshare.org/resource/0b72cddfc51c45b188e0e6cd8927227e/data/contents/2_LogFiles/site007qc_log.csv",1782,"text/csv","NoneType","2021-02-19T19:16:55","dce1395b176ff58924507201de3efcff"
"38","site008qc_log.csv","http://www.hydroshare.org/resource/0b72cddfc51c45b188e0e6cd8927227e/data/contents/2_LogFiles/site008qc_log.csv",826,"text/csv","NoneType","2021-02-19T19:16:58","4a7808ea1b63b70517f6b91ad0bc5bfb"
"39","site009qc_log.csv","http://www.hydroshare.org/resource/0b72cddfc51c45b188e0e6cd8927227e/data/contents/2_LogFiles/site009qc_log.csv",862,"text/csv","NoneType","2021-02-19T19:17:01","14f165eaf906b26ab5df10b3747247a5"
"40","site010qc_log.csv","http://www.hydroshare.org/resource/0b72cddfc51c45b188e0e6cd8927227e/data/contents/2_LogFiles/site010qc_log.csv",684,"text/csv","NoneType","2021-02-19T19:17:04","24dc6b621934476a6f042fbf41b8a089"
"41","site011qc_log.csv","http://www.hydroshare.org/resource/0b72cddfc51c45b188e0e6cd8927227e/data/contents/2_LogFiles/site011qc_log.csv",1255,"text/csv","NoneType","2021-02-19T19:17:07","28861cb91d279e11ce4a52bf06d20817"
"42","site013qc_log.csv","http://www.hydroshare.org/resource/0b72cddfc51c45b188e0e6cd8927227e/data/contents/2_LogFiles/site013qc_log.csv",941,"text/csv","NoneType","2021-02-19T19:17:16","9ff9bb9136c859680f36e4cc34e9d990"
"43","site014qc_log.csv","http://www.hydroshare.org/resource/0b72cddfc51c45b188e0e6cd8927227e/data/contents/2_LogFiles/site014qc_log.csv",1226,"text/csv","NoneType","2021-02-19T19:17:19","e16e1f447e514be65493ad2d68cc8a76"
"44","site015qc_log.csv","http://www.hydroshare.org/resource/0b72cddfc51c45b188e0e6cd8927227e/data/contents/2_LogFiles/site015qc_log.csv",991,"text/csv","NoneType","2021-02-19T19:17:22","2ab3790d1591b2dead2adf256c3ee0ff"
"45","site016qc_log.csv","http://www.hydroshare.org/resource/0b72cddfc51c45b188e0e6cd8927227e/data/contents/2_LogFiles/site016qc_log.csv",955,"text/csv","NoneType","2021-02-19T19:17:25","da2d8ade675389a3fea19846d809eb40"
"46","site017qc_log.csv","http://www.hydroshare.org/resource/0b72cddfc51c45b188e0e6cd8927227e/data/contents/2_LogFiles/site017qc_log.csv",1053,"text/csv","NoneType","2021-02-19T19:17:29","05de193437cb419dddac52e69414d234"
"47","site018qc_log.csv","http://www.hydroshare.org/resource/0b72cddfc51c45b188e0e6cd8927227e/data/contents/2_LogFiles/site018qc_log.csv",1058,"text/csv","NoneType","2021-02-19T19:17:32","23bfa617423f79d42e33b0ec13c459b7"
"48","site019qc_log.csv","http://www.hydroshare.org/resource/0b72cddfc51c45b188e0e6cd8927227e/data/contents/2_LogFiles/site019qc_log.csv",2650,"text/csv","NoneType","2021-02-19T19:17:35","94dea9233f8b46ae2914ef1f5bb8355f"
"49","site020qc_log.csv","http://www.hydroshare.org/resource/0b72cddfc51c45b188e0e6cd8927227e/data/contents/2_LogFiles/site020qc_log.csv",566,"text/csv","NoneType","2021-02-19T19:17:38","689b7748f24891ef75a443dca57242e3"
"50","site021qc_log.csv","http://www.hydroshare.org/resource/0b72cddfc51c45b188e0e6cd8927227e/data/contents/2_LogFiles/site021qc_log.csv",829,"text/csv","NoneType","2021-02-19T19:17:41","e63652df109af31cac4bcb93556b5ce6"
"51","site024qc_log.csv","http://www.hydroshare.org/resource/0b72cddfc51c45b188e0e6cd8927227e/data/contents/2_LogFiles/site024qc_log.csv",981,"text/csv","NoneType","2021-02-19T19:17:53","84a0ad64ff836a825d5648e4b2e0dafe"
"52","site025qc_log.csv","http://www.hydroshare.org/resource/0b72cddfc51c45b188e0e6cd8927227e/data/contents/2_LogFiles/site025qc_log.csv",822,"text/csv","NoneType","2021-02-19T19:17:56","7f230c9152459052af5303474aa89bea"
"53","site026qc_log.csv","http://www.hydroshare.org/resource/0b72cddfc51c45b188e0e6cd8927227e/data/contents/2_LogFiles/site026qc_log.csv",672,"text/csv","NoneType","2021-02-19T19:18:00","a1338f48225b0761375a13f42f379470"
"54","site027qc_log.csv","http://www.hydroshare.org/resource/0b72cddfc51c45b188e0e6cd8927227e/data/contents/2_LogFiles/site027qc_log.csv",694,"text/csv","NoneType","2021-02-19T19:18:03","95392e0b64d9f1443df75ef955d706e1"
"55","site028qc_log.csv","http://www.hydroshare.org/resource/0b72cddfc51c45b188e0e6cd8927227e/data/contents/2_LogFiles/site028qc_log.csv",570,"text/csv","NoneType","2021-02-19T19:18:06","209107655d16878c6d969cd3bdb4ebef"
"56","site029qc_log.csv","http://www.hydroshare.org/resource/0b72cddfc51c45b188e0e6cd8927227e/data/contents/2_LogFiles/site029qc_log.csv",568,"text/csv","NoneType","2021-02-19T19:18:09","bda19c5f42ebc367efdf63fdeb64003c"
"57","site030qc_log.csv","http://www.hydroshare.org/resource/0b72cddfc51c45b188e0e6cd8927227e/data/contents/2_LogFiles/site030qc_log.csv",678,"text/csv","NoneType","2021-02-19T19:18:12","33004de4ba218c290323339ce8eddc2a"
"58","site031qc_log.csv","http://www.hydroshare.org/resource/0b72cddfc51c45b188e0e6cd8927227e/data/contents/2_LogFiles/site031qc_log.csv",438,"text/csv","NoneType","2021-02-19T19:18:15","1e0ad228f1d1bbcd95a760b08c07396a"
"59","LabelledEvents_site_004.csv","http://www.hydroshare.org/resource/0b72cddfc51c45b188e0e6cd8927227e/data/contents/4_EventFilesOriginal/LabelledEvents_site_004.csv",711058,"text/csv","NoneType","2021-08-10T23:17:37","c92a405d9858dafa928425bae5836667"
"60","LabelledEvents_site_005.csv","http://www.hydroshare.org/resource/0b72cddfc51c45b188e0e6cd8927227e/data/contents/4_EventFilesOriginal/LabelledEvents_site_005.csv",3011629,"text/csv","NoneType","2021-08-10T23:17:39","53b9ff1eb6fc8eac2350e9a9bfd95877"
"61","LabelledEvents_site_006.csv","http://www.hydroshare.org/resource/0b72cddfc51c45b188e0e6cd8927227e/data/contents/4_EventFilesOriginal/LabelledEvents_site_006.csv",261387,"text/csv","NoneType","2021-08-10T23:17:40","41ec5b9fa4af38c43cc59ae3f780f5b1"
"62","LabelledEvents_site_002.csv","http://www.hydroshare.org/resource/0b72cddfc51c45b188e0e6cd8927227e/data/contents/4_EventFilesOriginal/LabelledEvents_site_002.csv",2597577,"text/csv","NoneType","2021-08-10T23:17:34","ba149399331403f8f0eed3399dceb20e"
"63","LabelledEvents_site_007.csv","http://www.hydroshare.org/resource/0b72cddfc51c45b188e0e6cd8927227e/data/contents/4_EventFilesOriginal/LabelledEvents_site_007.csv",969767,"text/csv","NoneType","2021-08-10T23:17:42","3c023381b6736d7e3c9866726b962f80"
"64","LabelledEvents_site_008.csv","http://www.hydroshare.org/resource/0b72cddfc51c45b188e0e6cd8927227e/data/contents/4_EventFilesOriginal/LabelledEvents_site_008.csv",566648,"text/csv","NoneType","2021-08-10T23:17:43","fb1188a7d6dfba7ce23210660c1352ed"
"65","LabelledEvents_site_009.csv","http://www.hydroshare.org/resource/0b72cddfc51c45b188e0e6cd8927227e/data/contents/4_EventFilesOriginal/LabelledEvents_site_009.csv",14287513,"text/csv","NoneType","2021-08-10T23:17:45","a6fccde561739f0efe2ce456289dd74c"
"66","LabelledEvents_site_010.csv","http://www.hydroshare.org/resource/0b72cddfc51c45b188e0e6cd8927227e/data/contents/4_EventFilesOriginal/LabelledEvents_site_010.csv",1275284,"text/csv","NoneType","2021-08-10T23:17:47","c700b438f0b95296053483d52e487791"
"67","LabelledEvents_site_011.csv","http://www.hydroshare.org/resource/0b72cddfc51c45b188e0e6cd8927227e/data/contents/4_EventFilesOriginal/LabelledEvents_site_011.csv",2150919,"text/csv","NoneType","2021-08-10T23:17:48","e0615d674219d16b0d10ceeadd871b26"
"68","LabelledEvents_site_014.csv","http://www.hydroshare.org/resource/0b72cddfc51c45b188e0e6cd8927227e/data/contents/4_EventFilesOriginal/LabelledEvents_site_014.csv",420054,"text/csv","NoneType","2021-08-10T23:17:59","dce81444f6ebb564a04715d6fc96e79e"
"69","LabelledEvents_site_015.csv","http://www.hydroshare.org/resource/0b72cddfc51c45b188e0e6cd8927227e/data/contents/4_EventFilesOriginal/LabelledEvents_site_015.csv",1075853,"text/csv","NoneType","2021-08-10T23:18:01","222aa757f16bfc8633f31c55ea561cd5"
"70","LabelledEvents_site_016.csv","http://www.hydroshare.org/resource/0b72cddfc51c45b188e0e6cd8927227e/data/contents/4_EventFilesOriginal/LabelledEvents_site_016.csv",736875,"text/csv","NoneType","2021-08-10T23:18:03","e9c6adf2e813bdb33704bc09fd5d971d"
"71","LabelledEvents_site_012.csv","http://www.hydroshare.org/resource/0b72cddfc51c45b188e0e6cd8927227e/data/contents/4_EventFilesOriginal/LabelledEvents_site_012.csv",784199,"text/csv","NoneType","2021-08-10T23:17:56","f43298a42103ce70c8a656cf3be0b4f8"
"72","LabelledEvents_site_013.csv","http://www.hydroshare.org/resource/0b72cddfc51c45b188e0e6cd8927227e/data/contents/4_EventFilesOriginal/LabelledEvents_site_013.csv",4975362,"text/csv","NoneType","2021-08-10T23:17:58","2d081040ebc385a45ed8117e5a4d8cb4"
"73","LabelledEvents_site_017.csv","http://www.hydroshare.org/resource/0b72cddfc51c45b188e0e6cd8927227e/data/contents/4_EventFilesOriginal/LabelledEvents_site_017.csv",1106610,"text/csv","NoneType","2021-08-10T23:18:04","d6ffaa1789dbc5d00fd18b14fa539c43"
"74","LabelledEvents_site_018.csv","http://www.hydroshare.org/resource/0b72cddfc51c45b188e0e6cd8927227e/data/contents/4_EventFilesOriginal/LabelledEvents_site_018.csv",608052,"text/csv","NoneType","2021-08-10T23:18:06","5aee170ad04a05e7bc0708ff05a2fb89"
"75","LabelledEvents_site_019.csv","http://www.hydroshare.org/resource/0b72cddfc51c45b188e0e6cd8927227e/data/contents/4_EventFilesOriginal/LabelledEvents_site_019.csv",2309888,"text/csv","NoneType","2021-08-10T23:18:08","79fd4c2e5dd8af6f034363362f7ee6a2"
"76","LabelledEvents_site_020.csv","http://www.hydroshare.org/resource/0b72cddfc51c45b188e0e6cd8927227e/data/contents/4_EventFilesOriginal/LabelledEvents_site_020.csv",610001,"text/csv","NoneType","2021-08-10T23:18:09","69801baa77ffae10ec923a1ce0f6ac67"
"77","LabelledEvents_site_021.csv","http://www.hydroshare.org/resource/0b72cddfc51c45b188e0e6cd8927227e/data/contents/4_EventFilesOriginal/LabelledEvents_site_021.csv",1240336,"text/csv","NoneType","2021-08-10T23:18:11","c7fff01bf34626530761b10128136ecb"
"78","LabelledEvents_site_031.csv","http://www.hydroshare.org/resource/0b72cddfc51c45b188e0e6cd8927227e/data/contents/4_EventFilesOriginal/LabelledEvents_site_031.csv",638736,"text/csv","NoneType","2021-08-10T23:18:34","006467f4af243235e770395491668ab4"
"79","LabelledEvents_site_022.csv","http://www.hydroshare.org/resource/0b72cddfc51c45b188e0e6cd8927227e/data/contents/4_EventFilesOriginal/LabelledEvents_site_022.csv",767088,"text/csv","NoneType","2021-08-10T23:18:19","b25d2224cfdad1439ce7a79fa756f585"
"80","LabelledEvents_site_023.csv","http://www.hydroshare.org/resource/0b72cddfc51c45b188e0e6cd8927227e/data/contents/4_EventFilesOriginal/LabelledEvents_site_023.csv",500356,"text/csv","NoneType","2021-08-10T23:18:20","ea9d81a25d600ffd896fc576abf234e6"
"81","LabelledEvents_site_024.csv","http://www.hydroshare.org/resource/0b72cddfc51c45b188e0e6cd8927227e/data/contents/4_EventFilesOriginal/LabelledEvents_site_024.csv",1213763,"text/csv","NoneType","2021-08-10T23:18:22","c300aea4ee5a991c2dde60bab107a0e7"
"82","LabelledEvents_site_025.csv","http://www.hydroshare.org/resource/0b72cddfc51c45b188e0e6cd8927227e/data/contents/4_EventFilesOriginal/LabelledEvents_site_025.csv",976558,"text/csv","NoneType","2021-08-10T23:18:24","26047cf09a1ba9b1c33c3d50c7bb051a"
"83","LabelledEvents_site_026.csv","http://www.hydroshare.org/resource/0b72cddfc51c45b188e0e6cd8927227e/data/contents/4_EventFilesOriginal/LabelledEvents_site_026.csv",2612411,"text/csv","NoneType","2021-08-10T23:18:25","900f0ef929c9fc27a50723f75162708b"
"84","LabelledEvents_site_027.csv","http://www.hydroshare.org/resource/0b72cddfc51c45b188e0e6cd8927227e/data/contents/4_EventFilesOriginal/LabelledEvents_site_027.csv",1001266,"text/csv","NoneType","2021-08-10T23:18:27","7c1890ff003b97dbd0fab103ef92ad7a"
"85","LabelledEvents_site_028.csv","http://www.hydroshare.org/resource/0b72cddfc51c45b188e0e6cd8927227e/data/contents/4_EventFilesOriginal/LabelledEvents_site_028.csv",508219,"text/csv","NoneType","2021-08-10T23:18:29","cddd200d39f1f7f628e08fdc1c370fa1"
"86","LabelledEvents_site_029.csv","http://www.hydroshare.org/resource/0b72cddfc51c45b188e0e6cd8927227e/data/contents/4_EventFilesOriginal/LabelledEvents_site_029.csv",1667307,"text/csv","NoneType","2021-08-10T23:18:31","7bce9139d81860af0d3acd17549eeea5"
"87","LabelledEvents_site_030.csv","http://www.hydroshare.org/resource/0b72cddfc51c45b188e0e6cd8927227e/data/contents/4_EventFilesOriginal/LabelledEvents_site_030.csv",734971,"text/csv","NoneType","2021-08-10T23:18:32","7283e582f7e30669d875a8172070718b"
"88","LabelledEvents_site_032.csv","http://www.hydroshare.org/resource/0b72cddfc51c45b188e0e6cd8927227e/data/contents/4_EventFilesOriginal/LabelledEvents_site_032.csv",401747,"text/csv","NoneType","2021-08-10T23:18:40","81e86d9af5304e84d2eeab6fa20b4fa5"
"89","readme.md","http://www.hydroshare.org/resource/0b72cddfc51c45b188e0e6cd8927227e/data/contents/readme.md",4559,"None","NoneType","2021-08-11T12:39:41","051c449340cb71b02d7586039218f3b5"
"90","Events_site_FV_003.csv","http://www.hydroshare.org/resource/0b72cddfc51c45b188e0e6cd8927227e/data/contents/5_EnventFiles_Processed/Events_site_FV_003.csv",42478889,"text/csv","NoneType","2021-10-11T14:11:00","2c1d274657bc8ad98a88d3d26ccd0564"
"91","Events_site_FV_004.csv","http://www.hydroshare.org/resource/0b72cddfc51c45b188e0e6cd8927227e/data/contents/5_EnventFiles_Processed/Events_site_FV_004.csv",702173,"text/csv","NoneType","2021-10-11T14:11:02","0ed8ab0921e046fa1fdbe7447763d376"
"92","Events_site_FV_002.csv","http://www.hydroshare.org/resource/0b72cddfc51c45b188e0e6cd8927227e/data/contents/5_EnventFiles_Processed/Events_site_FV_002.csv",2550738,"text/csv","NoneType","2021-10-11T14:10:58","9bb483ad34337a9eb650ad08d402b68b"
"93","Events_site_FV_005.csv","http://www.hydroshare.org/resource/0b72cddfc51c45b188e0e6cd8927227e/data/contents/5_EnventFiles_Processed/Events_site_FV_005.csv",3110732,"text/csv","NoneType","2021-10-11T14:11:03","803b49d83d49e6d208161c6b2f9cd296"
"94","Events_site_FV_006.csv","http://www.hydroshare.org/resource/0b72cddfc51c45b188e0e6cd8927227e/data/contents/5_EnventFiles_Processed/Events_site_FV_006.csv",261354,"text/csv","NoneType","2021-10-11T14:11:05","a5010f3e0b7c9d48548b53a4ba9e1051"
"95","Events_site_FV_007.csv","http://www.hydroshare.org/resource/0b72cddfc51c45b188e0e6cd8927227e/data/contents/5_EnventFiles_Processed/Events_site_FV_007.csv",981244,"text/csv","NoneType","2021-10-11T14:11:06","1afd840e93bdfc1c0d17bfb7de35ef77"
"96","Events_site_FV_008.csv","http://www.hydroshare.org/resource/0b72cddfc51c45b188e0e6cd8927227e/data/contents/5_EnventFiles_Processed/Events_site_FV_008.csv",565323,"text/csv","NoneType","2021-10-11T14:11:08","e9840db8f3d50157da97a8a71b335cf6"
"97","Events_site_FV_009.csv","http://www.hydroshare.org/resource/0b72cddfc51c45b188e0e6cd8927227e/data/contents/5_EnventFiles_Processed/Events_site_FV_009.csv",14700080,"text/csv","NoneType","2021-10-11T14:11:09","13f692fc558bfe613d2eac3fb11d99bd"
"98","Events_site_FV_010.csv","http://www.hydroshare.org/resource/0b72cddfc51c45b188e0e6cd8927227e/data/contents/5_EnventFiles_Processed/Events_site_FV_010.csv",1290228,"text/csv","NoneType","2021-10-11T14:11:11","82f9c5242653678153b57fe342485de4"
"99","Events_site_FV_011.csv","http://www.hydroshare.org/resource/0b72cddfc51c45b188e0e6cd8927227e/data/contents/5_EnventFiles_Processed/Events_site_FV_011.csv",2155297,"text/csv","NoneType","2021-10-11T14:11:13","f066f3f795c4ddad97c117bfbf1d6398"
"100","Events_site_FV_012.csv","http://www.hydroshare.org/resource/0b72cddfc51c45b188e0e6cd8927227e/data/contents/5_EnventFiles_Processed/Events_site_FV_012.csv",778173,"text/csv","NoneType","2021-10-11T14:11:20","85ed559d978f69e13eedd56e9179d4cb"
"101","Events_site_FV_013.csv","http://www.hydroshare.org/resource/0b72cddfc51c45b188e0e6cd8927227e/data/contents/5_EnventFiles_Processed/Events_site_FV_013.csv",5089075,"text/csv","NoneType","2021-10-11T14:11:21","d8f6b81c083efb89134691fbc8df80bd"
"102","Events_site_FV_014.csv","http://www.hydroshare.org/resource/0b72cddfc51c45b188e0e6cd8927227e/data/contents/5_EnventFiles_Processed/Events_site_FV_014.csv",412606,"text/csv","NoneType","2021-10-11T14:11:23","aceeda6c3a8a8357983c2d43d28b5c82"
"103","Events_site_FV_015.csv","http://www.hydroshare.org/resource/0b72cddfc51c45b188e0e6cd8927227e/data/contents/5_EnventFiles_Processed/Events_site_FV_015.csv",1102024,"text/csv","NoneType","2021-10-11T14:11:24","53e26040ad32071239ada5086ae2a884"
"104","Events_site_FV_016.csv","http://www.hydroshare.org/resource/0b72cddfc51c45b188e0e6cd8927227e/data/contents/5_EnventFiles_Processed/Events_site_FV_016.csv",730147,"text/csv","NoneType","2021-10-11T14:11:26","bd5cac48dc5b22ff58160aaa3c079b7b"
"105","Events_site_FV_017.csv","http://www.hydroshare.org/resource/0b72cddfc51c45b188e0e6cd8927227e/data/contents/5_EnventFiles_Processed/Events_site_FV_017.csv",1131746,"text/csv","NoneType","2021-10-11T14:11:28","5966573ecec23cae8692e654e7f83d12"
"106","Events_site_FV_018.csv","http://www.hydroshare.org/resource/0b72cddfc51c45b188e0e6cd8927227e/data/contents/5_EnventFiles_Processed/Events_site_FV_018.csv",617983,"text/csv","NoneType","2021-10-11T14:11:29","85749ca0390c8b35db6a43f84d74d848"
"107","Events_site_FV_019.csv","http://www.hydroshare.org/resource/0b72cddfc51c45b188e0e6cd8927227e/data/contents/5_EnventFiles_Processed/Events_site_FV_019.csv",2293872,"text/csv","NoneType","2021-10-11T14:11:31","d5fa4245c1d38758a0c2f2a7fb35a554"
"108","Events_site_FV_020.csv","http://www.hydroshare.org/resource/0b72cddfc51c45b188e0e6cd8927227e/data/contents/5_EnventFiles_Processed/Events_site_FV_020.csv",612342,"text/csv","NoneType","2021-10-11T14:11:34","24790bc1b06ca8d7e571885877412cbe"
"109","Events_site_FV_021.csv","http://www.hydroshare.org/resource/0b72cddfc51c45b188e0e6cd8927227e/data/contents/5_EnventFiles_Processed/Events_site_FV_021.csv",1234433,"text/csv","NoneType","2021-10-11T14:11:35","a383c68f52dacc3bf2805dde1a5a97a2"
"110","Events_site_FV_023.csv","http://www.hydroshare.org/resource/0b72cddfc51c45b188e0e6cd8927227e/data/contents/5_EnventFiles_Processed/Events_site_FV_023.csv",504737,"text/csv","NoneType","2021-10-11T14:11:44","cc2e9f5fa57f36645e0bfb747e077ea2"
"111","Events_site_FV_024.csv","http://www.hydroshare.org/resource/0b72cddfc51c45b188e0e6cd8927227e/data/contents/5_EnventFiles_Processed/Events_site_FV_024.csv",1216017,"text/csv","NoneType","2021-10-11T14:11:46","d7a71de6f5f00ee4018d986ae1848803"
"112","Events_site_FV_025.csv","http://www.hydroshare.org/resource/0b72cddfc51c45b188e0e6cd8927227e/data/contents/5_EnventFiles_Processed/Events_site_FV_025.csv",971234,"text/csv","NoneType","2021-10-11T14:11:47","c476c0eea1eb330c2d70594132dd7efb"
"113","Events_site_FV_026.csv","http://www.hydroshare.org/resource/0b72cddfc51c45b188e0e6cd8927227e/data/contents/5_EnventFiles_Processed/Events_site_FV_026.csv",2649003,"text/csv","NoneType","2021-10-11T14:11:49","5edfe8c88b4d2d1eb391988e0889a7b6"
"114","Events_site_FV_027.csv","http://www.hydroshare.org/resource/0b72cddfc51c45b188e0e6cd8927227e/data/contents/5_EnventFiles_Processed/Events_site_FV_027.csv",983045,"text/csv","NoneType","2021-10-11T14:11:50","b678e5c3757be99fdaa627844f8a9f25"
"115","Events_site_FV_028.csv","http://www.hydroshare.org/resource/0b72cddfc51c45b188e0e6cd8927227e/data/contents/5_EnventFiles_Processed/Events_site_FV_028.csv",502928,"text/csv","NoneType","2021-10-11T14:11:52","fb0e5528fa7b1eef1caabe256df7ba7b"
"116","Events_site_FV_031.csv","http://www.hydroshare.org/resource/0b72cddfc51c45b188e0e6cd8927227e/data/contents/5_EnventFiles_Processed/Events_site_FV_031.csv",623293,"text/csv","NoneType","2021-10-11T14:11:57","2e067d3df828403a5c593d2d62aae03c"
"117","Events_site_FV_030.csv","http://www.hydroshare.org/resource/0b72cddfc51c45b188e0e6cd8927227e/data/contents/5_EnventFiles_Processed/Events_site_FV_030.csv",726734,"text/csv","NoneType","2021-10-11T14:11:55","da920a8f4decfa74f6b115afb49f4ade"
"118","Events_site_FV_029.csv","http://www.hydroshare.org/resource/0b72cddfc51c45b188e0e6cd8927227e/data/contents/5_EnventFiles_Processed/Events_site_FV_029.csv",1733501,"text/csv","NoneType","2021-10-11T14:11:54","df3e4e3ed771f62f64238eadf84d6f24"
"119","Events_site_FV_032.csv","http://www.hydroshare.org/resource/0b72cddfc51c45b188e0e6cd8927227e/data/contents/5_EnventFiles_Processed/Events_site_FV_032.csv",392421,"text/csv","NoneType","2021-10-11T14:12:04","02ee8af32a1785f20ea468bf48ad24d5"
"120","site032qc_log.csv","http://www.hydroshare.org/resource/0b72cddfc51c45b188e0e6cd8927227e/data/contents/2_LogFiles/site032qc_log.csv",421,"text/csv","NoneType","2021-10-11T15:45:18","7c98244ff163cc2f2ea991748c1a266a"
"121","sites.csv","http://www.hydroshare.org/resource/0b72cddfc51c45b188e0e6cd8927227e/data/contents/1_SecondaryData/sites.csv",3961,"text/csv","NoneType","2021-10-06T22:33:40","88b5675a38e5a46c96c99b1b9cf8098c"
"122","LabelledEvents_site_003.csv","http://www.hydroshare.org/resource/0b72cddfc51c45b188e0e6cd8927227e/data/contents/4_EventFilesOriginal/LabelledEvents_site_003.csv",40268435,"text/csv","NoneType","2021-08-10T23:17:35","9ca8cb26671f61d4827f3a4bf9aaa3fb"
"123","site011qc_data.csv","http://www.hydroshare.org/resource/0b72cddfc51c45b188e0e6cd8927227e/data/contents/3_QC_Data/site011qc_data.csv",41408601,"text/csv","NoneType","2021-02-19T16:52:09","023d379939931eec4152d7cf95779d68"
"124","Events_site_FV_022.csv","http://www.hydroshare.org/resource/0b72cddfc51c45b188e0e6cd8927227e/data/contents/5_EnventFiles_Processed/Events_site_FV_022.csv",756544,"text/csv","NoneType","2021-10-11T14:11:42","c8ccbee64cf47ab17aa0e9b2cf36346e"
"125","site012qc_log.csv","http://www.hydroshare.org/resource/0b72cddfc51c45b188e0e6cd8927227e/data/contents/2_LogFiles/site012qc_log.csv",1107,"text/csv","NoneType","2021-02-19T19:17:13","6dfdda95e0f4c3f7b3b044da3034149b"
"126","site022qc_log.csv","http://www.hydroshare.org/resource/0b72cddfc51c45b188e0e6cd8927227e/data/contents/2_LogFiles/site022qc_log.csv",965,"text/csv","NoneType","2021-02-19T19:17:47","8e56ac473f67088785f94c5eb12e8382"
"127","site023qc_log.csv","http://www.hydroshare.org/resource/0b72cddfc51c45b188e0e6cd8927227e/data/contents/2_LogFiles/site023qc_log.csv",681,"text/csv","NoneType","2021-02-19T19:17:50","c2629f3b25026adf221e4cd9fcd98bcb"
"128","site032qc_data.csv","http://www.hydroshare.org/resource/0b72cddfc51c45b188e0e6cd8927227e/data/contents/3_QC_Data/site032qc_data.csv",15317769,"text/csv","NoneType","2021-10-08T18:56:28","bb2ddc83b5c4290ffbfc2b9bb4b6bb66"
"129","DataHandler.R","http://www.hydroshare.org/resource/379d9e7037f04478a99d5aec22e841e6/data/contents/ReproducibleCode/DataHandler.R",4720,"None","NoneType","2021-10-15T18:08:17","38ede32446a9dcacd847ea48ecf52779"
"130","DataAnalysis.R","http://www.hydroshare.org/resource/379d9e7037f04478a99d5aec22e841e6/data/contents/ReproducibleCode/DataAnalysis.R",40921,"None","NoneType","2021-10-15T18:08:21","44f380bb927be2c4f22d994f070eac04"
"131","readme.md","http://www.hydroshare.org/resource/379d9e7037f04478a99d5aec22e841e6/data/contents/readme.md",2298,"None","NoneType","2021-10-26T14:53:56","4bc6d71086858f14448d3fb9327e4bf0"
"132","1138090-dly-report-1630091917.csv","http://www.hydroshare.org/resource/379d9e7037f04478a99d5aec22e841e6/data/contents/WeatherData/1138090-dly-report-1630091917.csv",265694,"text/csv","NoneType","2021-10-08T19:39:18","3d751206a5296de4accfb8eb4af44ab2"
"133","1279257-dly-report-1630092119.csv","http://www.hydroshare.org/resource/379d9e7037f04478a99d5aec22e841e6/data/contents/WeatherData/1279257-dly-report-1630092119.csv",302183,"text/csv","NoneType","2021-10-08T19:39:20","e040a53f7db1781387a4346538521010"
